[
  {
    "route": "",
    "flowLayout": false,
    "params": {},
    "title": "Main Layout",
    "children": [
      {
        "route": "",
        "menu": {
          "exclude": true
        },
        "flowLayout": false,
        "params": {},
        "title": "Main"
      },
      {
        "route": "Parqueadero-list",
        "title": "Parqueadero",
        "menu": {
          "icon": "vaadin:clipboard-check",
          "title": "Parqueadero",
          "order": 5
        },
        "flowLayout": false,
        "params": {}
      },
      {
        "route": "persona-list",
        "title": "Personas",
        "menu": {
          "icon": "vaadin:clipboard-check",
          "order": 1,
          "title": "Persona"
        },
        "flowLayout": false,
        "params": {}
      },
      {
        "route": "Plaza-list",
        "title": "Plaza",
        "menu": {
          "icon": "vaadin:clipboard-check",
          "order": 6,
          "title": "Plaza"
        },
        "flowLayout": false,
        "params": {}
      },
      {
        "route": "Reserva-list",
        "title": "Reserva",
        "menu": {
          "icon": "vaadin:clipboard-check",
          "order": 2,
          "title": "Reserva"
        },
        "flowLayout": false,
        "params": {}
      },
      {
        "route": "task-list",
        "title": "Task List",
        "menu": {
          "icon": "vaadin:clipboard-check",
          "order": 1,
          "title": "Task List"
        },
        "flowLayout": false,
        "params": {}
      },
      {
        "route": "ticket-list",
        "title": "Ticket",
        "menu": {
          "icon": "vaadin:clipboard-check",
          "order": 1,
          "title": "Ticket"
        },
        "flowLayout": false,
        "params": {}
      },
      {
        "route": "vehiculo-list",
        "title": "Vehiculo",
        "menu": {
          "icon": "vaadin:clipboard-check",
          "order": 1,
          "title": "Vehiculo"
        },
        "flowLayout": false,
        "params": {}
      }
    ]
  }
]